task,file,filesize,status,memory,params,cost,score,error
task179,/Users/kaiikeda/Programming/Kaggle/Neuro Golf/solution/7157.62/task179.onnx,170,ok,0,0,1.0,25.0,
task241,/Users/kaiikeda/Programming/Kaggle/Neuro Golf/solution/7157.62/task241.onnx,170,ok,0,0,1.0,25.0,
task140,/Users/kaiikeda/Programming/Kaggle/Neuro Golf/solution/7157.62/task140.onnx,382,ok,0,5,5.0,23.3905620875659,
task307,/Users/kaiikeda/Programming/Kaggle/Neuro Golf/solution/7157.62/task307.onnx,206,ok,0,5,5.0,23.3905620875659,
task087,/Users/kaiikeda/Programming/Kaggle/Neuro Golf/solution/7157.62/task087.onnx,382,ok,0,5,5.0,23.3905620875659,
task223,/Users/kaiikeda/Programming/Kaggle/Neuro Golf/solution/7157.62/task223.onnx,214,ok,0,5,5.0,23.3905620875659,
task337,/Users/kaiikeda/Programming/Kaggle/Neuro Golf/solution/7157.62/task337.onnx,159,ok,0,10,10.0,22.697414907005953,
task016,/Users/kaiikeda/Programming/Kaggle/Neuro Golf/solution/7157.62/task016.onnx,158,ok,0,10,10.0,22.697414907005953,
task276,/Users/kaiikeda/Programming/Kaggle/Neuro Golf/solution/7157.62/task276.onnx,217,ok,0,10,10.0,22.697414907005953,
task309,/Users/kaiikeda/Programming/Kaggle/Neuro Golf/solution/7157.62/task309.onnx,217,ok,0,10,10.0,22.697414907005953,
task312,/Users/kaiikeda/Programming/Kaggle/Neuro Golf/solution/7157.62/task312.onnx,271,ok,0,20,20.0,22.00426772644601,
task166,/Users/kaiikeda/Programming/Kaggle/Neuro Golf/solution/7157.62/task166.onnx,352,ok,0,24,24.0,21.821946169652055,
task326,/Users/kaiikeda/Programming/Kaggle/Neuro Golf/solution/7157.62/task326.onnx,314,ok,0,30,30.0,21.598802618337846,
task172,/Users/kaiikeda/Programming/Kaggle/Neuro Golf/solution/7157.62/task172.onnx,479,ok,0,30,30.0,21.598802618337846,
task385,/Users/kaiikeda/Programming/Kaggle/Neuro Golf/solution/7157.62/task385.onnx,175,ok,0,30,30.0,21.598802618337846,
task311,/Users/kaiikeda/Programming/Kaggle/Neuro Golf/solution/7157.62/task311.onnx,479,ok,0,30,30.0,21.598802618337846,
task130,/Users/kaiikeda/Programming/Kaggle/Neuro Golf/solution/7157.62/task130.onnx,382,ok,0,30,30.0,21.598802618337846,
task164,/Users/kaiikeda/Programming/Kaggle/Neuro Golf/solution/7157.62/task164.onnx,479,ok,0,30,30.0,21.598802618337846,
task113,/Users/kaiikeda/Programming/Kaggle/Neuro Golf/solution/7157.62/task113.onnx,499,ok,0,30,30.0,21.598802618337846,
task210,/Users/kaiikeda/Programming/Kaggle/Neuro Golf/solution/7157.62/task210.onnx,479,ok,0,30,30.0,21.598802618337846,
task053,/Users/kaiikeda/Programming/Kaggle/Neuro Golf/solution/7157.62/task053.onnx,175,ok,0,30,30.0,21.598802618337846,
task116,/Users/kaiikeda/Programming/Kaggle/Neuro Golf/solution/7157.62/task116.onnx,479,ok,0,30,30.0,21.598802618337846,
task056,/Users/kaiikeda/Programming/Kaggle/Neuro Golf/solution/7157.62/task056.onnx,859,ok,34,0,34.0,21.473639475383838,
task073,/Users/kaiikeda/Programming/Kaggle/Neuro Golf/solution/7157.62/task073.onnx,371,ok,0,40,40.0,21.311120545886062,
task067,/Users/kaiikeda/Programming/Kaggle/Neuro Golf/solution/7157.62/task067.onnx,296,ok,39,8,47.0,21.14985239828994,
task299,/Users/kaiikeda/Programming/Kaggle/Neuro Golf/solution/7157.62/task299.onnx,473,ok,0,50,50.0,21.087976994571854,
task103,/Users/kaiikeda/Programming/Kaggle/Neuro Golf/solution/7157.62/task103.onnx,411,ok,36,24,60.0,20.9056554377779,
task373,/Users/kaiikeda/Programming/Kaggle/Neuro Golf/solution/7157.62/task373.onnx,453,ok,0,60,60.0,20.9056554377779,
task291,/Users/kaiikeda/Programming/Kaggle/Neuro Golf/solution/7157.62/task291.onnx,449,ok,40,28,68.0,20.780492294823894,
task129,/Users/kaiikeda/Programming/Kaggle/Neuro Golf/solution/7157.62/task129.onnx,298,ok,80,0,80.0,20.61797336532612,
task399,/Users/kaiikeda/Programming/Kaggle/Neuro Golf/solution/7157.62/task399.onnx,524,ok,71,20,91.0,20.48914049348315,
task380,/Users/kaiikeda/Programming/Kaggle/Neuro Golf/solution/7157.62/task380.onnx,616,ok,0,99,99.0,20.40488014986541,
task314,/Users/kaiikeda/Programming/Kaggle/Neuro Golf/solution/7157.62/task314.onnx,622,ok_static,0,100,100.0,20.394829814011906,"Fail('[ONNXRuntimeError] : 1 : FAIL : /Users/runner/work/1/s/onnxruntime/core/graph/model.cc:182 onnxruntime::Model::Model(ModelProto &&, const PathString &, const IOnnxRuntimeOpSchemaRegistryList *, const logging::Logger &, const ModelOptions &) Unsupported model IR version: 13, max supported IR version: 11\n')"
task227,/Users/kaiikeda/Programming/Kaggle/Neuro Golf/solution/7157.62/task227.onnx,628,ok,0,100,100.0,20.394829814011906,
task318,/Users/kaiikeda/Programming/Kaggle/Neuro Golf/solution/7157.62/task318.onnx,605,ok,0,100,100.0,20.394829814011906,
task186,/Users/kaiikeda/Programming/Kaggle/Neuro Golf/solution/7157.62/task186.onnx,602,ok,80,23,103.0,20.365271011770364,
task144,/Users/kaiikeda/Programming/Kaggle/Neuro Golf/solution/7157.62/task144.onnx,623,ok,0,104,104.0,20.35560910085863,
task262,/Users/kaiikeda/Programming/Kaggle/Neuro Golf/solution/7157.62/task262.onnx,614,ok,90,16,106.0,20.336560905887932,
task024,/Users/kaiikeda/Programming/Kaggle/Neuro Golf/solution/7157.62/task024.onnx,720,ok,0,110,110.0,20.299519634207584,
task007,/Users/kaiikeda/Programming/Kaggle/Neuro Golf/solution/7157.62/task007.onnx,840,ok,0,127,127.0,20.15581291354141,
task298,/Users/kaiikeda/Programming/Kaggle/Neuro Golf/solution/7157.62/task298.onnx,396,ok,120,15,135.0,20.09472522156157,
task149,/Users/kaiikeda/Programming/Kaggle/Neuro Golf/solution/7157.62/task149.onnx,776,ok,36,100,136.0,20.087345114263947,
task339,/Users/kaiikeda/Programming/Kaggle/Neuro Golf/solution/7157.62/task339.onnx,699,ok,40,100,140.0,20.058357577390694,
task389,/Users/kaiikeda/Programming/Kaggle/Neuro Golf/solution/7157.62/task389.onnx,973,ok,128,12,140.0,20.058357577390694,
task347,/Users/kaiikeda/Programming/Kaggle/Neuro Golf/solution/7157.62/task347.onnx,792,ok,117,26,143.0,20.03715536974009,
task393,/Users/kaiikeda/Programming/Kaggle/Neuro Golf/solution/7157.62/task393.onnx,494,ok,125,19,144.0,20.030186700424,
task317,/Users/kaiikeda/Programming/Kaggle/Neuro Golf/solution/7157.62/task317.onnx,697,ok,128,18,146.0,20.016393378291664,
task167,/Users/kaiikeda/Programming/Kaggle/Neuro Golf/solution/7157.62/task167.onnx,953,ok,20,128,148.0,20.002787726235887,
task248,/Users/kaiikeda/Programming/Kaggle/Neuro Golf/solution/7157.62/task248.onnx,723,ok_static,122,29,151.0,19.982720163185075,"NotImplemented(""[ONNXRuntimeError] : 9 : NOT_IMPLEMENTED : Could not find an implementation for Min(13) node with name 'safe_name_8'"")"
task006,/Users/kaiikeda/Programming/Kaggle/Neuro Golf/solution/7157.62/task006.onnx,877,ok,126,27,153.0,19.969562078607566,
task150,/Users/kaiikeda/Programming/Kaggle/Neuro Golf/solution/7157.62/task150.onnx,498,ok,128,30,158.0,19.937404966973034,
task155,/Users/kaiikeda/Programming/Kaggle/Neuro Golf/solution/7157.62/task155.onnx,452,ok,128,30,158.0,19.937404966973034,
task391,/Users/kaiikeda/Programming/Kaggle/Neuro Golf/solution/7157.62/task391.onnx,679,ok,135,24,159.0,19.93109579777977,
task258,/Users/kaiikeda/Programming/Kaggle/Neuro Golf/solution/7157.62/task258.onnx,880,ok,0,160,160.0,19.924826184766175,
task395,/Users/kaiikeda/Programming/Kaggle/Neuro Golf/solution/7157.62/task395.onnx,819,ok,144,21,165.0,19.89405452609942,
task028,/Users/kaiikeda/Programming/Kaggle/Neuro Golf/solution/7157.62/task028.onnx,963,ok,0,168,168.0,19.876036020596743,
task235,/Users/kaiikeda/Programming/Kaggle/Neuro Golf/solution/7157.62/task235.onnx,740,ok,111,59,170.0,19.864201562949738,
task376,/Users/kaiikeda/Programming/Kaggle/Neuro Golf/solution/7157.62/task376.onnx,777,ok,144,42,186.0,19.774253326286797,
task082,/Users/kaiikeda/Programming/Kaggle/Neuro Golf/solution/7157.62/task082.onnx,989,ok,0,190,190.0,19.752975927839515,
task313,/Users/kaiikeda/Programming/Kaggle/Neuro Golf/solution/7157.62/task313.onnx,1064,ok,0,192,192.0,19.742504627972217,
task334,/Users/kaiikeda/Programming/Kaggle/Neuro Golf/solution/7157.62/task334.onnx,1567,ok_static,189,8,197.0,19.716796271262012,"NotImplemented(""[ONNXRuntimeError] : 9 : NOT_IMPLEMENTED : Could not find an implementation for Max(13) node with name 'safe_name_13'"")"
task322,/Users/kaiikeda/Programming/Kaggle/Neuro Golf/solution/7157.62/task322.onnx,920,ok,144,56,200.0,19.701682633451963,
task261,/Users/kaiikeda/Programming/Kaggle/Neuro Golf/solution/7157.62/task261.onnx,995,ok,0,200,200.0,19.701682633451963,
task026,/Users/kaiikeda/Programming/Kaggle/Neuro Golf/solution/7157.62/task026.onnx,1016,ok,0,200,200.0,19.701682633451963,
task135,/Users/kaiikeda/Programming/Kaggle/Neuro Golf/solution/7157.62/task135.onnx,997,ok,0,200,200.0,19.701682633451963,
task180,/Users/kaiikeda/Programming/Kaggle/Neuro Golf/solution/7157.62/task180.onnx,1110,ok,0,210,210.0,19.65289246928253,
task386,/Users/kaiikeda/Programming/Kaggle/Neuro Golf/solution/7157.62/task386.onnx,814,ok,180,31,211.0,19.648141866523932,
task038,/Users/kaiikeda/Programming/Kaggle/Neuro Golf/solution/7157.62/task038.onnx,892,ok,163,50,213.0,19.638707834290575,
task231,/Users/kaiikeda/Programming/Kaggle/Neuro Golf/solution/7157.62/task231.onnx,760,ok,180,39,219.0,19.6109282701835,
task052,/Users/kaiikeda/Programming/Kaggle/Neuro Golf/solution/7157.62/task052.onnx,944,ok,213,14,227.0,19.575049982518596,
task315,/Users/kaiikeda/Programming/Kaggle/Neuro Golf/solution/7157.62/task315.onnx,1293,ok,0,230,230.0,19.561920691076804,
task207,/Users/kaiikeda/Programming/Kaggle/Neuro Golf/solution/7157.62/task207.onnx,1400,ok,192,44,236.0,19.53616819497439,
task236,/Users/kaiikeda/Programming/Kaggle/Neuro Golf/solution/7157.62/task236.onnx,743,ok,208,29,237.0,19.531939858864867,
task274,/Users/kaiikeda/Programming/Kaggle/Neuro Golf/solution/7157.62/task274.onnx,1940,ok,158,80,238.0,19.527729326328526,
task176,/Users/kaiikeda/Programming/Kaggle/Neuro Golf/solution/7157.62/task176.onnx,1229,ok,0,240,240.0,19.519361076658008,
task229,/Users/kaiikeda/Programming/Kaggle/Neuro Golf/solution/7157.62/task229.onnx,1348,ok,212,28,240.0,19.519361076658008,
task104,/Users/kaiikeda/Programming/Kaggle/Neuro Golf/solution/7157.62/task104.onnx,1443,ok_static,197,57,254.0,19.462665732981463,"NotImplemented(""[ONNXRuntimeError] : 9 : NOT_IMPLEMENTED : Could not find an implementation for ConvInteger(10) node with name 'output'"")"
task252,/Users/kaiikeda/Programming/Kaggle/Neuro Golf/solution/7157.62/task252.onnx,1242,ok,0,260,260.0,19.439318368984473,
task142,/Users/kaiikeda/Programming/Kaggle/Neuro Golf/solution/7157.62/task142.onnx,782,ok,144,138,282.0,19.358092929061886,
task249,/Users/kaiikeda/Programming/Kaggle/Neuro Golf/solution/7157.62/task249.onnx,856,ok,248,39,287.0,19.34051778424038,
task357,/Users/kaiikeda/Programming/Kaggle/Neuro Golf/solution/7157.62/task357.onnx,926,ok_static,258,33,291.0,19.326676732828506,"NotImplemented(""[ONNXRuntimeError] : 9 : NOT_IMPLEMENTED : Could not find an implementation for Min(13) node with name 'safe_name_13'"")"
task306,/Users/kaiikeda/Programming/Kaggle/Neuro Golf/solution/7157.62/task306.onnx,1498,ok,0,300,300.0,19.2962175253438,
task321,/Users/kaiikeda/Programming/Kaggle/Neuro Golf/solution/7157.62/task321.onnx,1418,ok,0,300,300.0,19.2962175253438,
task003,/Users/kaiikeda/Programming/Kaggle/Neuro Golf/solution/7157.62/task003.onnx,1442,ok,281,21,302.0,19.28957298262513,
task296,/Users/kaiikeda/Programming/Kaggle/Neuro Golf/solution/7157.62/task296.onnx,4494,ok,285,45,330.0,19.200907345539473,
task353,/Users/kaiikeda/Programming/Kaggle/Neuro Golf/solution/7157.62/task353.onnx,1305,ok,272,62,334.0,19.1888590070233,
task360,/Users/kaiikeda/Programming/Kaggle/Neuro Golf/solution/7157.62/task360.onnx,1634,ok,0,340,340.0,19.17105438238979,
task121,/Users/kaiikeda/Programming/Kaggle/Neuro Golf/solution/7157.62/task121.onnx,2806,ok,275,66,341.0,19.168117522716482,
task095,/Users/kaiikeda/Programming/Kaggle/Neuro Golf/solution/7157.62/task095.onnx,587,ok_static,245,100,345.0,19.15645558296864,"NotImplemented(""[ONNXRuntimeError] : 9 : NOT_IMPLEMENTED : Could not find an implementation for ConvInteger(10) node with name 'output'"")"
task266,/Users/kaiikeda/Programming/Kaggle/Neuro Golf/solution/7157.62/task266.onnx,1110,ok_static,315,35,350.0,19.142066845516542,"NotImplemented(""[ONNXRuntimeError] : 9 : NOT_IMPLEMENTED : Could not find an implementation for Max(13) node with name 'safe_name_15'"")"
task375,/Users/kaiikeda/Programming/Kaggle/Neuro Golf/solution/7157.62/task375.onnx,1747,ok,108,242,350.0,19.142066845516542,
task290,/Users/kaiikeda/Programming/Kaggle/Neuro Golf/solution/7157.62/task290.onnx,1427,ok,292,63,355.0,19.127882210524582,
task181,/Users/kaiikeda/Programming/Kaggle/Neuro Golf/solution/7157.62/task181.onnx,2280,ok,201,168,369.0,19.089203355959473,
task040,/Users/kaiikeda/Programming/Kaggle/Neuro Golf/solution/7157.62/task040.onnx,1572,ok,240,134,374.0,19.07574420258547,
task049,/Users/kaiikeda/Programming/Kaggle/Neuro Golf/solution/7157.62/task049.onnx,2239,ok_static,252,134,386.0,19.04416263053517,"NotImplemented(""[ONNXRuntimeError] : 9 : NOT_IMPLEMENTED : Could not find an implementation for Min(13) node with name 'output'"")"
task211,/Users/kaiikeda/Programming/Kaggle/Neuro Golf/solution/7157.62/task211.onnx,976,ok,240,156,396.0,19.01858578874552,
task127,/Users/kaiikeda/Programming/Kaggle/Neuro Golf/solution/7157.62/task127.onnx,1009,ok,204,192,396.0,19.01858578874552,
task272,/Users/kaiikeda/Programming/Kaggle/Neuro Golf/solution/7157.62/task272.onnx,1173,ok,200,202,402.0,19.003547911380977,
task203,/Users/kaiikeda/Programming/Kaggle/Neuro Golf/solution/7157.62/task203.onnx,495,ok,408,1,409.0,18.986284843957197,
task257,/Users/kaiikeda/Programming/Kaggle/Neuro Golf/solution/7157.62/task257.onnx,1880,ok,0,409,409.0,18.986284843957197,
task072,/Users/kaiikeda/Programming/Kaggle/Neuro Golf/solution/7157.62/task072.onnx,446,ok,390,31,421.0,18.957367166317617,
task316,/Users/kaiikeda/Programming/Kaggle/Neuro Golf/solution/7157.62/task316.onnx,1160,ok,388,38,426.0,18.94556065373063,
task292,/Users/kaiikeda/Programming/Kaggle/Neuro Golf/solution/7157.62/task292.onnx,1904,ok,252,182,434.0,18.926955465899596,
task282,/Users/kaiikeda/Programming/Kaggle/Neuro Golf/solution/7157.62/task282.onnx,698,ok,407,39,446.0,18.899681047979936,
task083,/Users/kaiikeda/Programming/Kaggle/Neuro Golf/solution/7157.62/task083.onnx,1325,ok,376,71,447.0,18.89744140538643,
task242,/Users/kaiikeda/Programming/Kaggle/Neuro Golf/solution/7157.62/task242.onnx,1414,ok,396,60,456.0,18.877507190485613,
task352,/Users/kaiikeda/Programming/Kaggle/Neuro Golf/solution/7157.62/task352.onnx,2092,ok,0,460,460.0,18.86877351051686,
task081,/Users/kaiikeda/Programming/Kaggle/Neuro Golf/solution/7157.62/task081.onnx,821,ok,392,72,464.0,18.860115447773744,
task371,/Users/kaiikeda/Programming/Kaggle/Neuro Golf/solution/7157.62/task371.onnx,1395,ok,376,91,467.0,18.853670742331104,
task128,/Users/kaiikeda/Programming/Kaggle/Neuro Golf/solution/7157.62/task128.onnx,2157,ok,0,480,480.0,18.826213896098064,
task039,/Users/kaiikeda/Programming/Kaggle/Neuro Golf/solution/7157.62/task039.onnx,1055,ok,424,56,480.0,18.826213896098064,
task146,/Users/kaiikeda/Programming/Kaggle/Neuro Golf/solution/7157.62/task146.onnx,1728,ok,388,107,495.0,18.79544223743131,
task247,/Users/kaiikeda/Programming/Kaggle/Neuro Golf/solution/7157.62/task247.onnx,1908,ok,435,62,497.0,18.79140997390337,
task362,/Users/kaiikeda/Programming/Kaggle/Neuro Golf/solution/7157.62/task362.onnx,1825,ok,408,113,521.0,18.744249958246634,
task147,/Users/kaiikeda/Programming/Kaggle/Neuro Golf/solution/7157.62/task147.onnx,1309,ok,432,100,532.0,18.723356510658355,
task111,/Users/kaiikeda/Programming/Kaggle/Neuro Golf/solution/7157.62/task111.onnx,1010,ok,528,7,535.0,18.717733253103994,
task300,/Users/kaiikeda/Programming/Kaggle/Neuro Golf/solution/7157.62/task300.onnx,3398,ok,474,66,540.0,18.70843086044168,
task059,/Users/kaiikeda/Programming/Kaggle/Neuro Golf/solution/7157.62/task059.onnx,2038,ok,265,292,557.0,18.677434760072714,
task332,/Users/kaiikeda/Programming/Kaggle/Neuro Golf/solution/7157.62/task332.onnx,1539,ok,429,134,563.0,18.666720371860308,
task100,/Users/kaiikeda/Programming/Kaggle/Neuro Golf/solution/7157.62/task100.onnx,2429,ok,474,90,564.0,18.664945748501943,
task384,/Users/kaiikeda/Programming/Kaggle/Neuro Golf/solution/7157.62/task384.onnx,1911,ok,540,53,593.0,18.614805601002274,
task126,/Users/kaiikeda/Programming/Kaggle/Neuro Golf/solution/7157.62/task126.onnx,1334,ok,590,15,605.0,18.59477154196916,
task068,/Users/kaiikeda/Programming/Kaggle/Neuro Golf/solution/7157.62/task068.onnx,1693,ok,500,123,623.0,18.565453481212547,
task152,/Users/kaiikeda/Programming/Kaggle/Neuro Golf/solution/7157.62/task152.onnx,1404,ok,504,125,629.0,18.55586874329956,
task305,/Users/kaiikeda/Programming/Kaggle/Neuro Golf/solution/7157.62/task305.onnx,3251,ok,296,340,636.0,18.544801436659878,
task065,/Users/kaiikeda/Programming/Kaggle/Neuro Golf/solution/7157.62/task065.onnx,2192,ok,582,59,641.0,18.53697054307933,
task253,/Users/kaiikeda/Programming/Kaggle/Neuro Golf/solution/7157.62/task253.onnx,1807,ok,600,50,650.0,18.523027637110317,
task057,/Users/kaiikeda/Programming/Kaggle/Neuro Golf/solution/7157.62/task057.onnx,1367,ok,638,30,668.0,18.495711826463356,
task263,/Users/kaiikeda/Programming/Kaggle/Neuro Golf/solution/7157.62/task263.onnx,4924,ok,565,117,682.0,18.47497034215654,
task269,/Users/kaiikeda/Programming/Kaggle/Neuro Golf/solution/7157.62/task269.onnx,1619,ok,685,24,709.0,18.436144473467873,
task372,/Users/kaiikeda/Programming/Kaggle/Neuro Golf/solution/7157.62/task372.onnx,3057,ok,0,710,710.0,18.43473502996464,
task289,/Users/kaiikeda/Programming/Kaggle/Neuro Golf/solution/7157.62/task289.onnx,1238,ok,618,124,742.0,18.39065075683262,
task218,/Users/kaiikeda/Programming/Kaggle/Neuro Golf/solution/7157.62/task218.onnx,3328,ok,653,96,749.0,18.38126101648278,
task200,/Users/kaiikeda/Programming/Kaggle/Neuro Golf/solution/7157.62/task200.onnx,1562,ok,570,186,756.0,18.37195862382047,
task178,/Users/kaiikeda/Programming/Kaggle/Neuro Golf/solution/7157.62/task178.onnx,4644,ok,702,62,764.0,18.361432210833478,
task214,/Users/kaiikeda/Programming/Kaggle/Neuro Golf/solution/7157.62/task214.onnx,650,ok,726,41,767.0,18.357513198632745,
task320,/Users/kaiikeda/Programming/Kaggle/Neuro Golf/solution/7157.62/task320.onnx,2977,ok,448,322,770.0,18.35360948515227,
task267,/Users/kaiikeda/Programming/Kaggle/Neuro Golf/solution/7157.62/task267.onnx,1133,ok,734,38,772.0,18.351015449975222,
task043,/Users/kaiikeda/Programming/Kaggle/Neuro Golf/solution/7157.62/task043.onnx,1519,ok,588,206,794.0,18.322916538752864,
task153,/Users/kaiikeda/Programming/Kaggle/Neuro Golf/solution/7157.62/task153.onnx,5608,ok,741,54,795.0,18.32165788534567,
task221,/Users/kaiikeda/Programming/Kaggle/Neuro Golf/solution/7157.62/task221.onnx,3577,ok,451,354,805.0,18.309157722581435,
task122,/Users/kaiikeda/Programming/Kaggle/Neuro Golf/solution/7157.62/task122.onnx,3470,ok,0,810,810.0,18.302965752333517,
task143,/Users/kaiikeda/Programming/Kaggle/Neuro Golf/solution/7157.62/task143.onnx,3342,ok,591,247,838.0,18.268981899517918,
task047,/Users/kaiikeda/Programming/Kaggle/Neuro Golf/solution/7157.62/task047.onnx,2305,ok,826,36,862.0,18.240744729336306,
task106,/Users/kaiikeda/Programming/Kaggle/Neuro Golf/solution/7157.62/task106.onnx,1359,ok,776,93,869.0,18.23265687473461,
task327,/Users/kaiikeda/Programming/Kaggle/Neuro Golf/solution/7157.62/task327.onnx,854,ok,810,71,881.0,18.218942374063822,
task114,/Users/kaiikeda/Programming/Kaggle/Neuro Golf/solution/7157.62/task114.onnx,3835,ok,0,900,900.0,18.197605236675688,
task230,/Users/kaiikeda/Programming/Kaggle/Neuro Golf/solution/7157.62/task230.onnx,3798,ok,0,900,900.0,18.197605236675688,
task220,/Users/kaiikeda/Programming/Kaggle/Neuro Golf/solution/7157.62/task220.onnx,3798,ok,0,900,900.0,18.197605236675688,
task098,/Users/kaiikeda/Programming/Kaggle/Neuro Golf/solution/7157.62/task098.onnx,3794,ok,0,900,900.0,18.197605236675688,
task151,/Users/kaiikeda/Programming/Kaggle/Neuro Golf/solution/7157.62/task151.onnx,3790,ok,0,900,900.0,18.197605236675688,
task015,/Users/kaiikeda/Programming/Kaggle/Neuro Golf/solution/7157.62/task015.onnx,3774,ok,0,900,900.0,18.197605236675688,
task139,/Users/kaiikeda/Programming/Kaggle/Neuro Golf/solution/7157.62/task139.onnx,934,ok_static,765,139,904.0,18.193170639607825,"NotImplemented(""[ONNXRuntimeError] : 9 : NOT_IMPLEMENTED : Could not find an implementation for ConvInteger(10) node with name 'output'"")"
task294,/Users/kaiikeda/Programming/Kaggle/Neuro Golf/solution/7157.62/task294.onnx,3825,ok,0,910,910.0,18.186555400489105,
task097,/Users/kaiikeda/Programming/Kaggle/Neuro Golf/solution/7157.62/task097.onnx,3829,ok,0,910,910.0,18.186555400489105,
task283,/Users/kaiikeda/Programming/Kaggle/Neuro Golf/solution/7157.62/task283.onnx,3825,ok,0,910,910.0,18.186555400489105,
task171,/Users/kaiikeda/Programming/Kaggle/Neuro Golf/solution/7157.62/task171.onnx,3825,ok,0,910,910.0,18.186555400489105,
task032,/Users/kaiikeda/Programming/Kaggle/Neuro Golf/solution/7157.62/task032.onnx,3828,ok,0,910,910.0,18.186555400489105,
task331,/Users/kaiikeda/Programming/Kaggle/Neuro Golf/solution/7157.62/task331.onnx,3836,ok,0,910,910.0,18.186555400489105,
task193,/Users/kaiikeda/Programming/Kaggle/Neuro Golf/solution/7157.62/task193.onnx,3825,ok,0,910,910.0,18.186555400489105,
task120,/Users/kaiikeda/Programming/Kaggle/Neuro Golf/solution/7157.62/task120.onnx,3836,ok,0,910,910.0,18.186555400489105,
task344,/Users/kaiikeda/Programming/Kaggle/Neuro Golf/solution/7157.62/task344.onnx,3851,ok,0,910,910.0,18.186555400489105,
task189,/Users/kaiikeda/Programming/Kaggle/Neuro Golf/solution/7157.62/task189.onnx,2382,ok,866,49,915.0,18.18107593472448,
task195,/Users/kaiikeda/Programming/Kaggle/Neuro Golf/solution/7157.62/task195.onnx,1248,ok,882,39,921.0,18.174539963744692,
task259,/Users/kaiikeda/Programming/Kaggle/Neuro Golf/solution/7157.62/task259.onnx,4491,ok,909,24,933.0,18.161594799152656,
task239,/Users/kaiikeda/Programming/Kaggle/Neuro Golf/solution/7157.62/task239.onnx,1462,ok,897,50,947.0,18.146700906813923,
task194,/Users/kaiikeda/Programming/Kaggle/Neuro Golf/solution/7157.62/task194.onnx,745,ok,900,49,949.0,18.14459120139007,
task288,/Users/kaiikeda/Programming/Kaggle/Neuro Golf/solution/7157.62/task288.onnx,2804,ok,769,189,958.0,18.13515222202914,
task228,/Users/kaiikeda/Programming/Kaggle/Neuro Golf/solution/7157.62/task228.onnx,4005,ok,849,113,962.0,18.130985549334294,
task108,/Users/kaiikeda/Programming/Kaggle/Neuro Golf/solution/7157.62/task108.onnx,974,ok,864,107,971.0,18.121673531708673,
task060,/Users/kaiikeda/Programming/Kaggle/Neuro Golf/solution/7157.62/task060.onnx,4221,ok,0,1010,1010.0,18.082294390164694,
task225,/Users/kaiikeda/Programming/Kaggle/Neuro Golf/solution/7157.62/task225.onnx,3680,ok,926,107,1033.0,18.05977753088036,
task058,/Users/kaiikeda/Programming/Kaggle/Neuro Golf/solution/7157.62/task058.onnx,6763,ok,252,781,1033.0,18.05977753088036,
task115,/Users/kaiikeda/Programming/Kaggle/Neuro Golf/solution/7157.62/task115.onnx,3419,ok,980,63,1043.0,18.050143544999226,
task329,/Users/kaiikeda/Programming/Kaggle/Neuro Golf/solution/7157.62/task329.onnx,1155,ok,1029,30,1059.0,18.034919654398593,
task010,/Users/kaiikeda/Programming/Kaggle/Neuro Golf/solution/7157.62/task010.onnx,3558,ok,750,340,1090.0,18.00606702477681,
task001,/Users/kaiikeda/Programming/Kaggle/Neuro Golf/solution/7157.62/task001.onnx,1199,ok,1095,26,1121.0,17.97802357692784,
task301,/Users/kaiikeda/Programming/Kaggle/Neuro Golf/solution/7157.62/task301.onnx,2061,ok_static,1077,64,1141.0,17.960339650137925,"NotImplemented(""[ONNXRuntimeError] : 9 : NOT_IMPLEMENTED : Could not find an implementation for Min(13) node with name 'safe_name_27'"")"
task048,/Users/kaiikeda/Programming/Kaggle/Neuro Golf/solution/7157.62/task048.onnx,10791,ok,1038,116,1154.0,17.949010552931956,
task031,/Users/kaiikeda/Programming/Kaggle/Neuro Golf/solution/7157.62/task031.onnx,3783,ok,1122,46,1168.0,17.936951836611826,
task021,/Users/kaiikeda/Programming/Kaggle/Neuro Golf/solution/7157.62/task021.onnx,1543,ok,1072,98,1170.0,17.9352409722082,
task271,/Users/kaiikeda/Programming/Kaggle/Neuro Golf/solution/7157.62/task271.onnx,1642,ok,1141,46,1187.0,17.92081560539033,
task188,/Users/kaiikeda/Programming/Kaggle/Neuro Golf/solution/7157.62/task188.onnx,4703,ok,1146,60,1206.0,17.90493562271287,
task136,/Users/kaiikeda/Programming/Kaggle/Neuro Golf/solution/7157.62/task136.onnx,3202,ok,1179,34,1213.0,17.89914809105595,
task244,/Users/kaiikeda/Programming/Kaggle/Neuro Golf/solution/7157.62/task244.onnx,4147,ok,1120,107,1227.0,17.88767255528909,
task183,/Users/kaiikeda/Programming/Kaggle/Neuro Golf/solution/7157.62/task183.onnx,6374,ok,1008,222,1230.0,17.885230551633537,
task346,/Users/kaiikeda/Programming/Kaggle/Neuro Golf/solution/7157.62/task346.onnx,2850,ok,1224,30,1254.0,17.865906278807135,
task254,/Users/kaiikeda/Programming/Kaggle/Neuro Golf/solution/7157.62/task254.onnx,1864,ok,1241,19,1260.0,17.861133000054476,
task175,/Users/kaiikeda/Programming/Kaggle/Neuro Golf/solution/7157.62/task175.onnx,5574,ok,340,937,1277.0,17.84773114396746,
task293,/Users/kaiikeda/Programming/Kaggle/Neuro Golf/solution/7157.62/task293.onnx,3136,ok,1249,41,1290.0,17.83760250264428,
task078,/Users/kaiikeda/Programming/Kaggle/Neuro Golf/solution/7157.62/task078.onnx,1132,ok,1260,33,1293.0,17.835279621228143,
task027,/Users/kaiikeda/Programming/Kaggle/Neuro Golf/solution/7157.62/task027.onnx,1929,ok,1262,48,1310.0,17.822217583804804,
task356,/Users/kaiikeda/Programming/Kaggle/Neuro Golf/solution/7157.62/task356.onnx,1178,ok_static,1300,19,1319.0,17.815370847282686,"NotImplemented(""[ONNXRuntimeError] : 9 : NOT_IMPLEMENTED : Could not find an implementation for Max(13) node with name 'safe_name_12'"")"
task160,/Users/kaiikeda/Programming/Kaggle/Neuro Golf/solution/7157.62/task160.onnx,1376,ok,1164,170,1334.0,17.804062773524432,
task123,/Users/kaiikeda/Programming/Kaggle/Neuro Golf/solution/7157.62/task123.onnx,4960,ok,403,940,1343.0,17.797338803476762,
task119,/Users/kaiikeda/Programming/Kaggle/Neuro Golf/solution/7157.62/task119.onnx,4683,ok,1244,121,1365.0,17.781090292380938,
task297,/Users/kaiikeda/Programming/Kaggle/Neuro Golf/solution/7157.62/task297.onnx,2424,ok,1350,39,1389.0,17.763660657245655,
task232,/Users/kaiikeda/Programming/Kaggle/Neuro Golf/solution/7157.62/task232.onnx,5840,ok,0,1410,1410.0,17.748655016627787,
task341,/Users/kaiikeda/Programming/Kaggle/Neuro Golf/solution/7157.62/task341.onnx,3500,ok,1394,35,1429.0,17.735269822070133,
task304,/Users/kaiikeda/Programming/Kaggle/Neuro Golf/solution/7157.62/task304.onnx,1077,ok,1404,37,1441.0,17.726907404000478,
task217,/Users/kaiikeda/Programming/Kaggle/Neuro Golf/solution/7157.62/task217.onnx,1049,ok,1429,41,1470.0,17.70698232022722,
task240,/Users/kaiikeda/Programming/Kaggle/Neuro Golf/solution/7157.62/task240.onnx,4617,ok,1393,82,1475.0,17.703586731226082,
task075,/Users/kaiikeda/Programming/Kaggle/Neuro Golf/solution/7157.62/task075.onnx,1697,ok,1326,161,1487.0,17.695484053539843,
task308,/Users/kaiikeda/Programming/Kaggle/Neuro Golf/solution/7157.62/task308.onnx,5369,ok,1385,103,1488.0,17.694811784606962,
task345,/Users/kaiikeda/Programming/Kaggle/Neuro Golf/solution/7157.62/task345.onnx,2472,ok,1431,64,1495.0,17.690118514175214,
task141,/Users/kaiikeda/Programming/Kaggle/Neuro Golf/solution/7157.62/task141.onnx,1632,ok,1404,101,1505.0,17.683451822817023,
task020,/Users/kaiikeda/Programming/Kaggle/Neuro Golf/solution/7157.62/task020.onnx,5313,ok,1356,176,1532.0,17.665670649699464,
task159,/Users/kaiikeda/Programming/Kaggle/Neuro Golf/solution/7157.62/task159.onnx,3358,ok,1419,149,1568.0,17.642443799089648,
task369,/Users/kaiikeda/Programming/Kaggle/Neuro Golf/solution/7157.62/task369.onnx,1027,ok,1300,299,1599.0,17.622866287166048,
task295,/Users/kaiikeda/Programming/Kaggle/Neuro Golf/solution/7157.62/task295.onnx,1371,ok,1557,47,1604.0,17.61974421157354,
task342,/Users/kaiikeda/Programming/Kaggle/Neuro Golf/solution/7157.62/task342.onnx,3530,ok,1530,75,1605.0,17.619120964435883,
task303,/Users/kaiikeda/Programming/Kaggle/Neuro Golf/solution/7157.62/task303.onnx,1177,ok,1598,22,1620.0,17.60981857177357,
task226,/Users/kaiikeda/Programming/Kaggle/Neuro Golf/solution/7157.62/task226.onnx,1989,ok,1613,20,1633.0,17.601825907029536,
task033,/Users/kaiikeda/Programming/Kaggle/Neuro Golf/solution/7157.62/task033.onnx,2686,ok,1606,33,1639.0,17.59815842125617,
task351,/Users/kaiikeda/Programming/Kaggle/Neuro Golf/solution/7157.62/task351.onnx,1213,ok,1632,19,1651.0,17.59086355607987,
task061,/Users/kaiikeda/Programming/Kaggle/Neuro Golf/solution/7157.62/task061.onnx,875,ok,1633,35,1668.0,17.58061941708131,
task169,/Users/kaiikeda/Programming/Kaggle/Neuro Golf/solution/7157.62/task169.onnx,1404,ok,1500,170,1670.0,17.5794210945892,
task045,/Users/kaiikeda/Programming/Kaggle/Neuro Golf/solution/7157.62/task045.onnx,2970,ok,1050,623,1673.0,17.577626299013176,
task156,/Users/kaiikeda/Programming/Kaggle/Neuro Golf/solution/7157.62/task156.onnx,2078,ok,1697,47,1744.0,17.536063395531073,
task112,/Users/kaiikeda/Programming/Kaggle/Neuro Golf/solution/7157.62/task112.onnx,4870,ok,1616,158,1774.0,17.519007837130474,
task302,/Users/kaiikeda/Programming/Kaggle/Neuro Golf/solution/7157.62/task302.onnx,1530,ok,1216,558,1774.0,17.519007837130474,
task109,/Users/kaiikeda/Programming/Kaggle/Neuro Golf/solution/7157.62/task109.onnx,2572,ok,1686,93,1779.0,17.516193312334167,
task051,/Users/kaiikeda/Programming/Kaggle/Neuro Golf/solution/7157.62/task051.onnx,3212,ok,1702,101,1803.0,17.50279277679668,
task041,/Users/kaiikeda/Programming/Kaggle/Neuro Golf/solution/7157.62/task041.onnx,1381,ok,1750,59,1809.0,17.499470514604706,
task199,/Users/kaiikeda/Programming/Kaggle/Neuro Golf/solution/7157.62/task199.onnx,2019,ok,1749,88,1837.0,17.484110914784875,
task088,/Users/kaiikeda/Programming/Kaggle/Neuro Golf/solution/7157.62/task088.onnx,3349,ok,1791,81,1872.0,17.465237342962464,
task400,/Users/kaiikeda/Programming/Kaggle/Neuro Golf/solution/7157.62/task400.onnx,1598,ok,1864,32,1896.0,17.452498317185032,
task099,/Users/kaiikeda/Programming/Kaggle/Neuro Golf/solution/7157.62/task099.onnx,7775,ok_static,1633,278,1911.0,17.444618055759726,"NotImplemented(""[ONNXRuntimeError] : 9 : NOT_IMPLEMENTED : Could not find an implementation for Max(13) node with name 'safe_name_43'"")"
task237,/Users/kaiikeda/Programming/Kaggle/Neuro Golf/solution/7157.62/task237.onnx,5072,ok,1778,140,1918.0,17.440961744556617,
task013,/Users/kaiikeda/Programming/Kaggle/Neuro Golf/solution/7157.62/task013.onnx,6309,ok,1869,61,1930.0,17.43472471810107,
task124,/Users/kaiikeda/Programming/Kaggle/Neuro Golf/solution/7157.62/task124.onnx,2689,ok,1879,74,1953.0,17.42287806912332,
task392,/Users/kaiikeda/Programming/Kaggle/Neuro Golf/solution/7157.62/task392.onnx,5264,ok_static,1626,349,1975.0,17.41167632266478,"NotImplemented(""[ONNXRuntimeError] : 9 : NOT_IMPLEMENTED : Could not find an implementation for Max(12) node with name 'safe_name_56'"")"
task287,/Users/kaiikeda/Programming/Kaggle/Neuro Golf/solution/7157.62/task287.onnx,1811,ok,1699,295,1994.0,17.402102049478216,
task275,/Users/kaiikeda/Programming/Kaggle/Neuro Golf/solution/7157.62/task275.onnx,4250,ok_static,1374,637,2011.0,17.393612610227347,"NotImplemented(""[ONNXRuntimeError] : 9 : NOT_IMPLEMENTED : Could not find an implementation for Max(13) node with name 'safe_name_50'"")"
task063,/Users/kaiikeda/Programming/Kaggle/Neuro Golf/solution/7157.62/task063.onnx,2410,ok,1728,283,2011.0,17.393612610227347,
task213,/Users/kaiikeda/Programming/Kaggle/Neuro Golf/solution/7157.62/task213.onnx,7644,ok,1976,49,2025.0,17.38667502045936,
task084,/Users/kaiikeda/Programming/Kaggle/Neuro Golf/solution/7157.62/task084.onnx,1679,ok,1797,241,2038.0,17.38027578621733,
task343,/Users/kaiikeda/Programming/Kaggle/Neuro Golf/solution/7157.62/task343.onnx,4660,ok,1929,111,2040.0,17.379294913161736,
task260,/Users/kaiikeda/Programming/Kaggle/Neuro Golf/solution/7157.62/task260.onnx,4854,ok,1804,310,2114.0,17.343662833569816,
task011,/Users/kaiikeda/Programming/Kaggle/Neuro Golf/solution/7157.62/task011.onnx,4840,ok,1991,126,2117.0,17.342244728865133,
task325,/Users/kaiikeda/Programming/Kaggle/Neuro Golf/solution/7157.62/task325.onnx,2119,ok,2010,123,2133.0,17.33471528152865,
task273,/Users/kaiikeda/Programming/Kaggle/Neuro Golf/solution/7157.62/task273.onnx,4316,ok,2109,51,2160.0,17.32213649932179,
task323,/Users/kaiikeda/Programming/Kaggle/Neuro Golf/solution/7157.62/task323.onnx,1381,ok_static,1521,656,2177.0,17.31429693876545,"NotImplemented(""[ONNXRuntimeError] : 9 : NOT_IMPLEMENTED : Could not find an implementation for ConvInteger(10) node with name 'output'"")"
task036,/Users/kaiikeda/Programming/Kaggle/Neuro Golf/solution/7157.62/task036.onnx,2672,ok,2140,37,2177.0,17.31429693876545,
task381,/Users/kaiikeda/Programming/Kaggle/Neuro Golf/solution/7157.62/task381.onnx,2503,ok,2128,70,2198.0,17.304696865036433,
task168,/Users/kaiikeda/Programming/Kaggle/Neuro Golf/solution/7157.62/task168.onnx,2859,ok_static,2096,143,2239.0,17.286215383401245,"NotImplemented(""[ONNXRuntimeError] : 9 : NOT_IMPLEMENTED : Could not find an implementation for Max(13) node with name 'safe_name_25'"")"
task012,/Users/kaiikeda/Programming/Kaggle/Neuro Golf/solution/7157.62/task012.onnx,2795,ok,2076,188,2264.0,17.275111560676926,
task336,/Users/kaiikeda/Programming/Kaggle/Neuro Golf/solution/7157.62/task336.onnx,7169,ok,1092,1196,2288.0,17.26456664750031,
task022,/Users/kaiikeda/Programming/Kaggle/Neuro Golf/solution/7157.62/task022.onnx,3677,ok,2004,298,2302.0,17.25846641071817,
task374,/Users/kaiikeda/Programming/Kaggle/Neuro Golf/solution/7157.62/task374.onnx,3069,ok,2262,42,2304.0,17.25759797818422,
task134,/Users/kaiikeda/Programming/Kaggle/Neuro Golf/solution/7157.62/task134.onnx,4548,ok,2270,35,2305.0,17.25716404456925,
task348,/Users/kaiikeda/Programming/Kaggle/Neuro Golf/solution/7157.62/task348.onnx,1995,ok,2257,57,2314.0,17.25326709224638,
task185,/Users/kaiikeda/Programming/Kaggle/Neuro Golf/solution/7157.62/task185.onnx,5449,ok_static,1651,680,2331.0,17.245947360964244,"NotImplemented(""[ONNXRuntimeError] : 9 : NOT_IMPLEMENTED : Could not find an implementation for Min(13) node with name 'safe_name_41'"")"
task163,/Users/kaiikeda/Programming/Kaggle/Neuro Golf/solution/7157.62/task163.onnx,2742,ok,2235,110,2345.0,17.23995931911962,
task212,/Users/kaiikeda/Programming/Kaggle/Neuro Golf/solution/7157.62/task212.onnx,2611,ok_static,2178,182,2360.0,17.233583101980344,"NotImplemented(""[ONNXRuntimeError] : 9 : NOT_IMPLEMENTED : Could not find an implementation for ConvInteger(10) node with name 'output'"")"
task034,/Users/kaiikeda/Programming/Kaggle/Neuro Golf/solution/7157.62/task034.onnx,2392,ok_static,2198,167,2365.0,17.231466699073966,"NotImplemented(""[ONNXRuntimeError] : 9 : NOT_IMPLEMENTED : Could not find an implementation for Max(13) node with name 'safe_name_26'"")"
task281,/Users/kaiikeda/Programming/Kaggle/Neuro Golf/solution/7157.62/task281.onnx,4219,ok,2321,65,2386.0,17.22262639734214,
task030,/Users/kaiikeda/Programming/Kaggle/Neuro Golf/solution/7157.62/task030.onnx,3088,ok_static,2248,148,2396.0,17.21844404076466,"NotImplemented(""[ONNXRuntimeError] : 9 : NOT_IMPLEMENTED : Could not find an implementation for Max(13) node with name 'safe_name_45'"")"
task238,/Users/kaiikeda/Programming/Kaggle/Neuro Golf/solution/7157.62/task238.onnx,6634,ok,2051,444,2495.0,17.17795599181438,
task388,/Users/kaiikeda/Programming/Kaggle/Neuro Golf/solution/7157.62/task388.onnx,3812,ok_static,2282,218,2500.0,17.175953989143707,"NotImplemented(""[ONNXRuntimeError] : 9 : NOT_IMPLEMENTED : Could not find an implementation for Min(13) node with name 'safe_name_57'"")"
task184,/Users/kaiikeda/Programming/Kaggle/Neuro Golf/solution/7157.62/task184.onnx,2052,ok,2460,60,2520.0,17.167985819494533,
task102,/Users/kaiikeda/Programming/Kaggle/Neuro Golf/solution/7157.62/task102.onnx,1861,ok_static,2414,113,2527.0,17.165211892611808,"NotImplemented(""[ONNXRuntimeError] : 9 : NOT_IMPLEMENTED : Could not find an implementation for Max(13) node with name 'safe_name_21'"")"
task062,/Users/kaiikeda/Programming/Kaggle/Neuro Golf/solution/7157.62/task062.onnx,4117,ok,2465,71,2536.0,17.16165668444288,
task170,/Users/kaiikeda/Programming/Kaggle/Neuro Golf/solution/7157.62/task170.onnx,7561,ok,2216,329,2545.0,17.158114071015376,
task215,/Users/kaiikeda/Programming/Kaggle/Neuro Golf/solution/7157.62/task215.onnx,2968,ok,2560,2,2562.0,17.15145651754332,
task046,/Users/kaiikeda/Programming/Kaggle/Neuro Golf/solution/7157.62/task046.onnx,7726,ok_static,2221,357,2578.0,17.145230816500867,"NotImplemented(""[ONNXRuntimeError] : 9 : NOT_IMPLEMENTED : Could not find an implementation for Max(13) node with name 'safe_name_57'"")"
task197,/Users/kaiikeda/Programming/Kaggle/Neuro Golf/solution/7157.62/task197.onnx,2346,ok,2586,16,2602.0,17.13596434092755,
task071,/Users/kaiikeda/Programming/Kaggle/Neuro Golf/solution/7157.62/task071.onnx,3800,ok,2643,55,2698.0,17.0997339632323,
task094,/Users/kaiikeda/Programming/Kaggle/Neuro Golf/solution/7157.62/task094.onnx,1623,ok_static,2662,51,2713.0,17.094189687341068,"NotImplemented(""[ONNXRuntimeError] : 9 : NOT_IMPLEMENTED : Could not find an implementation for Max(13) node with name 'safe_name_23'"")"
task190,/Users/kaiikeda/Programming/Kaggle/Neuro Golf/solution/7157.62/task190.onnx,2500,ok_static,2480,247,2727.0,17.089042617154412,"NotImplemented(""[ONNXRuntimeError] : 9 : NOT_IMPLEMENTED : Could not find an implementation for Max(13) node with name 'safe_name_23'"")"
task154,/Users/kaiikeda/Programming/Kaggle/Neuro Golf/solution/7157.62/task154.onnx,3296,ok_static,2661,99,2760.0,17.077014041288805,"NotImplemented(""[ONNXRuntimeError] : 9 : NOT_IMPLEMENTED : Could not find an implementation for Max(12) node with name 'safe_name_54'"")"
task245,/Users/kaiikeda/Programming/Kaggle/Neuro Golf/solution/7157.62/task245.onnx,2179,ok,2644,139,2783.0,17.06871523847411,
task394,/Users/kaiikeda/Programming/Kaggle/Neuro Golf/solution/7157.62/task394.onnx,9919,ok,1871,930,2801.0,17.062268224739892,
task224,/Users/kaiikeda/Programming/Kaggle/Neuro Golf/solution/7157.62/task224.onnx,3530,ok,2460,371,2831.0,17.0516147148881,
task397,/Users/kaiikeda/Programming/Kaggle/Neuro Golf/solution/7157.62/task397.onnx,3347,ok_static,2648,200,2848.0,17.045627727468133,"NotImplemented(""[ONNXRuntimeError] : 9 : NOT_IMPLEMENTED : Could not find an implementation for Min(13) node with name 'safe_name_31'"")"
task246,/Users/kaiikeda/Programming/Kaggle/Neuro Golf/solution/7157.62/task246.onnx,4449,ok_static,2478,420,2898.0,17.028223877119373,"NotImplemented(""[ONNXRuntimeError] : 9 : NOT_IMPLEMENTED : Could not find an implementation for Min(13) node with name 'safe_name_26'"")"
task256,/Users/kaiikeda/Programming/Kaggle/Neuro Golf/solution/7157.62/task256.onnx,2496,ok,2902,50,2952.0,17.009761814279635,
task105,/Users/kaiikeda/Programming/Kaggle/Neuro Golf/solution/7157.62/task105.onnx,11212,ok,2908,82,2990.0,16.996971333615267,
task070,/Users/kaiikeda/Programming/Kaggle/Neuro Golf/solution/7157.62/task070.onnx,1062,ok,2977,31,3008.0,16.99096931493027,
task091,/Users/kaiikeda/Programming/Kaggle/Neuro Golf/solution/7157.62/task091.onnx,4910,ok,2846,175,3021.0,16.986656818613326,
task330,/Users/kaiikeda/Programming/Kaggle/Neuro Golf/solution/7157.62/task330.onnx,2815,ok,2800,222,3022.0,16.986325857167316,
task270,/Users/kaiikeda/Programming/Kaggle/Neuro Golf/solution/7157.62/task270.onnx,8368,ok,2742,327,3069.0,16.970892945380264,
task354,/Users/kaiikeda/Programming/Kaggle/Neuro Golf/solution/7157.62/task354.onnx,6439,ok,2998,79,3077.0,16.968289624677958,
task019,/Users/kaiikeda/Programming/Kaggle/Neuro Golf/solution/7157.62/task019.onnx,4246,ok,2997,87,3084.0,16.96601726531678,
task390,/Users/kaiikeda/Programming/Kaggle/Neuro Golf/solution/7157.62/task390.onnx,12367,ok,2624,467,3091.0,16.963750057867884,
task090,/Users/kaiikeda/Programming/Kaggle/Neuro Golf/solution/7157.62/task090.onnx,59023,ok_static,3010,82,3092.0,16.963426590292688,"NotImplemented(""[ONNXRuntimeError] : 9 : NOT_IMPLEMENTED : Could not find an implementation for Min(13) node with name 'safe_name_464'"")"
task042,/Users/kaiikeda/Programming/Kaggle/Neuro Golf/solution/7157.62/task042.onnx,1830,ok,2792,318,3110.0,16.95762199482672,
task035,/Users/kaiikeda/Programming/Kaggle/Neuro Golf/solution/7157.62/task035.onnx,6603,ok,2994,128,3122.0,16.953770898924624,
task079,/Users/kaiikeda/Programming/Kaggle/Neuro Golf/solution/7157.62/task079.onnx,4191,ok_static,3065,79,3144.0,16.9467488464509,"NotImplemented(""[ONNXRuntimeError] : 9 : NOT_IMPLEMENTED : Could not find an implementation for Min(13) node with name 'safe_name_28'"")"
task086,/Users/kaiikeda/Programming/Kaggle/Neuro Golf/solution/7157.62/task086.onnx,4221,ok,2956,190,3146.0,16.94611291638178,
task333,/Users/kaiikeda/Programming/Kaggle/Neuro Golf/solution/7157.62/task333.onnx,11387,ok_static,2792,435,3227.0,16.92069180794804,"NotImplemented(""[ONNXRuntimeError] : 9 : NOT_IMPLEMENTED : Could not find an implementation for Max(12) node with name 'safe_name_107'"")"
task310,/Users/kaiikeda/Programming/Kaggle/Neuro Golf/solution/7157.62/task310.onnx,2957,ok,3208,79,3287.0,16.90226942633578,
task125,/Users/kaiikeda/Programming/Kaggle/Neuro Golf/solution/7157.62/task125.onnx,1405,ok_static,3434,29,3463.0,16.850109455597575,"NotImplemented(""[ONNXRuntimeError] : 9 : NOT_IMPLEMENTED : Could not find an implementation for Min(13) node with name 'safe_name_13'"")"
task137,/Users/kaiikeda/Programming/Kaggle/Neuro Golf/solution/7157.62/task137.onnx,2041,ok_static,3433,93,3526.0,16.832080637042182,"NotImplemented(""[ONNXRuntimeError] : 9 : NOT_IMPLEMENTED : Could not find an implementation for Max(12) node with name 'safe_name_36'"")"
task093,/Users/kaiikeda/Programming/Kaggle/Neuro Golf/solution/7157.62/task093.onnx,6817,ok,3480,103,3583.0,16.816044282695046,
task268,/Users/kaiikeda/Programming/Kaggle/Neuro Golf/solution/7157.62/task268.onnx,9440,ok,3368,256,3624.0,16.80466633283713,
task284,/Users/kaiikeda/Programming/Kaggle/Neuro Golf/solution/7157.62/task284.onnx,11983,ok,3082,653,3735.0,16.774496902433082,
task177,/Users/kaiikeda/Programming/Kaggle/Neuro Golf/solution/7157.62/task177.onnx,1982,ok,3692,130,3822.0,16.751470875199782,
task069,/Users/kaiikeda/Programming/Kaggle/Neuro Golf/solution/7157.62/task069.onnx,6804,ok_static,3848,64,3912.0,16.72819596884529,"NotImplemented(""[ONNXRuntimeError] : 9 : NOT_IMPLEMENTED : Could not find an implementation for Max(13) node with name 'safe_name_96'"")"
task250,/Users/kaiikeda/Programming/Kaggle/Neuro Golf/solution/7157.62/task250.onnx,2553,ok,3764,161,3925.0,16.72487836978349,
task131,/Users/kaiikeda/Programming/Kaggle/Neuro Golf/solution/7157.62/task131.onnx,11222,ok,3312,675,3987.0,16.709205652618643,
task050,/Users/kaiikeda/Programming/Kaggle/Neuro Golf/solution/7157.62/task050.onnx,1721,ok,3915,86,4001.0,16.705700391142763,
task365,/Users/kaiikeda/Programming/Kaggle/Neuro Golf/solution/7157.62/task365.onnx,7087,ok,3932,123,4055.0,16.692294033450487,
task162,/Users/kaiikeda/Programming/Kaggle/Neuro Golf/solution/7157.62/task162.onnx,1245,ok,4024,44,4068.0,16.68909324283155,
task107,/Users/kaiikeda/Programming/Kaggle/Neuro Golf/solution/7157.62/task107.onnx,11832,ok,2928,1153,4081.0,16.685902664594195,
task117,/Users/kaiikeda/Programming/Kaggle/Neuro Golf/solution/7157.62/task117.onnx,6299,ok,3922,243,4165.0,16.665528445399055,
task206,/Users/kaiikeda/Programming/Kaggle/Neuro Golf/solution/7157.62/task206.onnx,6688,ok,4122,77,4199.0,16.657398319315806,
task335,/Users/kaiikeda/Programming/Kaggle/Neuro Golf/solution/7157.62/task335.onnx,4269,ok,3546,670,4216.0,16.6533579097788,
task355,/Users/kaiikeda/Programming/Kaggle/Neuro Golf/solution/7157.62/task355.onnx,1607,ok,4218,24,4242.0,16.64720986487537,
task265,/Users/kaiikeda/Programming/Kaggle/Neuro Golf/solution/7157.62/task265.onnx,1491,ok,4328,34,4362.0,16.619314053238426,
task132,/Users/kaiikeda/Programming/Kaggle/Neuro Golf/solution/7157.62/task132.onnx,7628,ok_static,3990,399,4389.0,16.613143310311766,"NotImplemented(""[ONNXRuntimeError] : 9 : NOT_IMPLEMENTED : Could not find an implementation for Min(13) node with name 'safe_name_50'"")"
task358,/Users/kaiikeda/Programming/Kaggle/Neuro Golf/solution/7157.62/task358.onnx,4494,ok,4332,174,4506.0,16.58683487900781,
task378,/Users/kaiikeda/Programming/Kaggle/Neuro Golf/solution/7157.62/task378.onnx,12848,ok,4420,117,4537.0,16.579978720336037,
task037,/Users/kaiikeda/Programming/Kaggle/Neuro Golf/solution/7157.62/task037.onnx,3399,ok,4614,132,4746.0,16.534942563004293,
task196,/Users/kaiikeda/Programming/Kaggle/Neuro Golf/solution/7157.62/task196.onnx,2326,ok_static,4725,36,4761.0,16.53178699080548,"NotImplemented(""[ONNXRuntimeError] : 9 : NOT_IMPLEMENTED : Could not find an implementation for Min(13) node with name 'safe_name_13'"")"
task201,/Users/kaiikeda/Programming/Kaggle/Neuro Golf/solution/7157.62/task201.onnx,8343,ok_static,4476,298,4774.0,16.529060193101223,"NotImplemented(""[ONNXRuntimeError] : 9 : NOT_IMPLEMENTED : Could not find an implementation for Min(13) node with name 'safe_name_50'"")"
task361,/Users/kaiikeda/Programming/Kaggle/Neuro Golf/solution/7157.62/task361.onnx,5680,ok,4616,367,4983.0,16.486212601718595,
task363,/Users/kaiikeda/Programming/Kaggle/Neuro Golf/solution/7157.62/task363.onnx,6407,ok_static,4843,283,5126.0,16.457919093075983,"NotImplemented(""[ONNXRuntimeError] : 9 : NOT_IMPLEMENTED : Could not find an implementation for Max(13) node with name 'safe_name_65'"")"
task161,/Users/kaiikeda/Programming/Kaggle/Neuro Golf/solution/7157.62/task161.onnx,5478,ok_static,5189,28,5217.0,16.440322196977608,"NotImplemented(""[ONNXRuntimeError] : 9 : NOT_IMPLEMENTED : Could not find an implementation for Max(12) node with name 'safe_name_61'"")"
task359,/Users/kaiikeda/Programming/Kaggle/Neuro Golf/solution/7157.62/task359.onnx,1916,ok,5220,12,5232.0,16.437451106862966,
task277,/Users/kaiikeda/Programming/Kaggle/Neuro Golf/solution/7157.62/task277.onnx,5881,ok_static,5342,18,5360.0,16.413280745935154,"NotImplemented(""[ONNXRuntimeError] : 9 : NOT_IMPLEMENTED : Could not find an implementation for Max(13) node with name 'safe_name_37'"")"
task085,/Users/kaiikeda/Programming/Kaggle/Neuro Golf/solution/7157.62/task085.onnx,3853,ok,4500,881,5381.0,16.409370490510582,
task279,/Users/kaiikeda/Programming/Kaggle/Neuro Golf/solution/7157.62/task279.onnx,2573,ok_static,5508,47,5555.0,16.37754629792627,"NotImplemented(""[ONNXRuntimeError] : 9 : NOT_IMPLEMENTED : Could not find an implementation for Min(13) node with name 'safe_name_20'"")"
task387,/Users/kaiikeda/Programming/Kaggle/Neuro Golf/solution/7157.62/task387.onnx,7235,ok,5466,103,5569.0,16.375029216410333,
task398,/Users/kaiikeda/Programming/Kaggle/Neuro Golf/solution/7157.62/task398.onnx,1868,ok,5417,191,5608.0,16.368050571285572,
task008,/Users/kaiikeda/Programming/Kaggle/Neuro Golf/solution/7157.62/task008.onnx,3954,ok,5561,66,5627.0,16.364668280566722,
task382,/Users/kaiikeda/Programming/Kaggle/Neuro Golf/solution/7157.62/task382.onnx,7130,ok_static,5648,135,5783.0,16.33732214184178,"NotImplemented(""[ONNXRuntimeError] : 9 : NOT_IMPLEMENTED : Could not find an implementation for Max(13) node with name 'safe_name_99'"")"
task251,/Users/kaiikeda/Programming/Kaggle/Neuro Golf/solution/7157.62/task251.onnx,2049,ok_static,5812,34,5846.0,16.32648705432881,"NotImplemented(""[ONNXRuntimeError] : 9 : NOT_IMPLEMENTED : Could not find an implementation for Max(13) node with name 'safe_name_12'"")"
task004,/Users/kaiikeda/Programming/Kaggle/Neuro Golf/solution/7157.62/task004.onnx,2170,ok_static,5812,92,5904.0,16.31661463371969,"NotImplemented(""[ONNXRuntimeError] : 9 : NOT_IMPLEMENTED : Could not find an implementation for Max(13) node with name 'safe_name_27'"")"
task148,/Users/kaiikeda/Programming/Kaggle/Neuro Golf/solution/7157.62/task148.onnx,8037,ok,5759,248,6007.0,16.29931926514984,
task280,/Users/kaiikeda/Programming/Kaggle/Neuro Golf/solution/7157.62/task280.onnx,13763,ok,5306,752,6058.0,16.290865008412815,
task208,/Users/kaiikeda/Programming/Kaggle/Neuro Golf/solution/7157.62/task208.onnx,8272,ok,5974,109,6083.0,16.286746725679293,
task264,/Users/kaiikeda/Programming/Kaggle/Neuro Golf/solution/7157.62/task264.onnx,5370,ok,5438,706,6144.0,16.27676872517249,
task368,/Users/kaiikeda/Programming/Kaggle/Neuro Golf/solution/7157.62/task368.onnx,6822,ok,6034,203,6237.0,16.261745423473876,
task328,/Users/kaiikeda/Programming/Kaggle/Neuro Golf/solution/7157.62/task328.onnx,22401,ok,4971,1941,6912.0,16.158985689516108,
task234,/Users/kaiikeda/Programming/Kaggle/Neuro Golf/solution/7157.62/task234.onnx,9618,ok,6869,45,6914.0,16.15869637951843,
task089,/Users/kaiikeda/Programming/Kaggle/Neuro Golf/solution/7157.62/task089.onnx,6860,ok,7092,160,7252.0,16.110967428125257,
task092,/Users/kaiikeda/Programming/Kaggle/Neuro Golf/solution/7157.62/task092.onnx,6521,ok,7075,182,7257.0,16.110278200721865,
task383,/Users/kaiikeda/Programming/Kaggle/Neuro Golf/solution/7157.62/task383.onnx,7863,ok,7246,74,7320.0,16.10163439304464,
task165,/Users/kaiikeda/Programming/Kaggle/Neuro Golf/solution/7157.62/task165.onnx,3602,ok,7036,303,7339.0,16.099042127454936,
task014,/Users/kaiikeda/Programming/Kaggle/Neuro Golf/solution/7157.62/task014.onnx,4534,ok,7989,89,8078.0,16.003100403876644,
task182,/Users/kaiikeda/Programming/Kaggle/Neuro Golf/solution/7157.62/task182.onnx,4070,ok,8043,95,8138.0,15.995700271438364,
task278,/Users/kaiikeda/Programming/Kaggle/Neuro Golf/solution/7157.62/task278.onnx,6737,ok_static,7776,676,8452.0,15.957841621264052,"NotImplemented(""[ONNXRuntimeError] : 9 : NOT_IMPLEMENTED : Could not find an implementation for Min(13) node with name 'safe_name_15'"")"
task192,/Users/kaiikeda/Programming/Kaggle/Neuro Golf/solution/7157.62/task192.onnx,2270,ok,8515,106,8621.0,15.938043633790075,
task324,/Users/kaiikeda/Programming/Kaggle/Neuro Golf/solution/7157.62/task324.onnx,7518,ok,7330,1586,8916.0,15.904397305494241,
task350,/Users/kaiikeda/Programming/Kaggle/Neuro Golf/solution/7157.62/task350.onnx,1105,ok_static,9012,26,9038.0,15.890806810028774,"NotImplemented(""[ONNXRuntimeError] : 9 : NOT_IMPLEMENTED : Could not find an implementation for Min(13) node with name 'safe_name_8'"")"
task096,/Users/kaiikeda/Programming/Kaggle/Neuro Golf/solution/7157.62/task096.onnx,16271,ok,8277,805,9082.0,15.885950288342103,
task216,/Users/kaiikeda/Programming/Kaggle/Neuro Golf/solution/7157.62/task216.onnx,7654,ok,9080,87,9167.0,15.876634642038224,
task074,/Users/kaiikeda/Programming/Kaggle/Neuro Golf/solution/7157.62/task074.onnx,15506,ok,7462,1813,9275.0,15.864922112524365,
task009,/Users/kaiikeda/Programming/Kaggle/Neuro Golf/solution/7157.62/task009.onnx,8024,ok_static,8229,1068,9297.0,15.862552953544142,"NotImplemented(""[ONNXRuntimeError] : 9 : NOT_IMPLEMENTED : Could not find an implementation for Max(13) node with name 'safe_name_25'"")"
task005,/Users/kaiikeda/Programming/Kaggle/Neuro Golf/solution/7157.62/task005.onnx,46793,ok_static,6610,2690,9300.0,15.862230320858652,"NotImplemented(""[ONNXRuntimeError] : 9 : NOT_IMPLEMENTED : Could not find an implementation for Min(13) node with name 'safe_name_68'"")"
task174,/Users/kaiikeda/Programming/Kaggle/Neuro Golf/solution/7157.62/task174.onnx,6423,ok,10067,171,10238.0,15.766138432982471,
task370,/Users/kaiikeda/Programming/Kaggle/Neuro Golf/solution/7157.62/task370.onnx,9487,ok,9145,1267,10412.0,15.749285733885545,
task029,/Users/kaiikeda/Programming/Kaggle/Neuro Golf/solution/7157.62/task029.onnx,3313,ok,10776,34,10810.0,15.711773089366746,
task340,/Users/kaiikeda/Programming/Kaggle/Neuro Golf/solution/7157.62/task340.onnx,11338,ok,10910,129,11039.0,15.690810263981648,
task377,/Users/kaiikeda/Programming/Kaggle/Neuro Golf/solution/7157.62/task377.onnx,3949,ok,10887,179,11066.0,15.688367376541946,
task379,/Users/kaiikeda/Programming/Kaggle/Neuro Golf/solution/7157.62/task379.onnx,16612,ok,10134,1256,11390.0,15.659508943558771,
task204,/Users/kaiikeda/Programming/Kaggle/Neuro Golf/solution/7157.62/task204.onnx,4044,ok_static,11364,454,11818.0,15.62262092809438,"NotImplemented(""[ONNXRuntimeError] : 9 : NOT_IMPLEMENTED : Could not find an implementation for Max(13) node with name 'safe_name_46'"")"
task222,/Users/kaiikeda/Programming/Kaggle/Neuro Golf/solution/7157.62/task222.onnx,2473,ok,11451,444,11895.0,15.616126577262943,
task044,/Users/kaiikeda/Programming/Kaggle/Neuro Golf/solution/7157.62/task044.onnx,21537,ok,12182,70,12252.0,15.586555532047335,
task157,/Users/kaiikeda/Programming/Kaggle/Neuro Golf/solution/7157.62/task157.onnx,118330,ok,12313,590,12903.0,15.534784878548153,
task145,/Users/kaiikeda/Programming/Kaggle/Neuro Golf/solution/7157.62/task145.onnx,2671,ok,13104,111,13215.0,15.51089217296161,
task064,/Users/kaiikeda/Programming/Kaggle/Neuro Golf/solution/7157.62/task064.onnx,5560,ok_static,13368,68,13436.0,15.494307049267817,"NotImplemented(""[ONNXRuntimeError] : 9 : NOT_IMPLEMENTED : Could not find an implementation for Min(13) node with name 'safe_name_69'"")"
task110,/Users/kaiikeda/Programming/Kaggle/Neuro Golf/solution/7157.62/task110.onnx,8229,ok,13275,634,13909.0,15.45970860839287,
task025,/Users/kaiikeda/Programming/Kaggle/Neuro Golf/solution/7157.62/task025.onnx,5099,ok,14072,195,14267.0,15.434295542885186,
task138,/Users/kaiikeda/Programming/Kaggle/Neuro Golf/solution/7157.62/task138.onnx,4314,ok,14386,149,14535.0,15.415685187007023,
task077,/Users/kaiikeda/Programming/Kaggle/Neuro Golf/solution/7157.62/task077.onnx,3391,ok,14760,114,14874.0,15.392629998736755,
task017,/Users/kaiikeda/Programming/Kaggle/Neuro Golf/solution/7157.62/task017.onnx,10393,ok,13500,2826,16326.0,15.2994857919887,
task338,/Users/kaiikeda/Programming/Kaggle/Neuro Golf/solution/7157.62/task338.onnx,9121,ok,17254,689,17943.0,15.205044654287333,
task198,/Users/kaiikeda/Programming/Kaggle/Neuro Golf/solution/7157.62/task198.onnx,9151,ok,17960,168,18128.0,15.194787016732212,
task101,/Users/kaiikeda/Programming/Kaggle/Neuro Golf/solution/7157.62/task101.onnx,40380,ok,17638,909,18547.0,15.171936670110712,
task066,/Users/kaiikeda/Programming/Kaggle/Neuro Golf/solution/7157.62/task066.onnx,32104,ok,19747,650,20397.0,15.07685688980543,
task243,/Users/kaiikeda/Programming/Kaggle/Neuro Golf/solution/7157.62/task243.onnx,5612,ok,22608,44,22652.0,14.971996572766304,
task319,/Users/kaiikeda/Programming/Kaggle/Neuro Golf/solution/7157.62/task319.onnx,36441,ok,22410,269,22679.0,14.970805334841138,
task023,/Users/kaiikeda/Programming/Kaggle/Neuro Golf/solution/7157.62/task023.onnx,4065,ok,22869,111,22980.0,14.957620448597254,
task285,/Users/kaiikeda/Programming/Kaggle/Neuro Golf/solution/7157.62/task285.onnx,10942,ok,25080,552,25632.0,14.848403150131913,
task055,/Users/kaiikeda/Programming/Kaggle/Neuro Golf/solution/7157.62/task055.onnx,3952,ok,25260,965,26225.0,14.825531566735503,
task076,/Users/kaiikeda/Programming/Kaggle/Neuro Golf/solution/7157.62/task076.onnx,30817,ok_static,25685,681,26366.0,14.820169419682085,"NotImplemented(""[ONNXRuntimeError] : 9 : NOT_IMPLEMENTED : Could not find an implementation for Min(12) node with name 'safe_name_60'"")"
task173,/Users/kaiikeda/Programming/Kaggle/Neuro Golf/solution/7157.62/task173.onnx,12943,ok_static,26759,102,26861.0,14.801569300533888,"NotImplemented(""[ONNXRuntimeError] : 9 : NOT_IMPLEMENTED : Could not find an implementation for Max(13) node with name 'safe_name_85'"")"
task054,/Users/kaiikeda/Programming/Kaggle/Neuro Golf/solution/7157.62/task054.onnx,41686,ok,26903,238,27141.0,14.79119922130615,
task396,/Users/kaiikeda/Programming/Kaggle/Neuro Golf/solution/7157.62/task396.onnx,8769,ok,27153,511,27664.0,14.772112792076928,
task367,/Users/kaiikeda/Programming/Kaggle/Neuro Golf/solution/7157.62/task367.onnx,7612,ok,22036,5635,27671.0,14.771859787648001,
task080,/Users/kaiikeda/Programming/Kaggle/Neuro Golf/solution/7157.62/task080.onnx,6075,ok,27729,141,27870.0,14.764693879524007,
task255,/Users/kaiikeda/Programming/Kaggle/Neuro Golf/solution/7157.62/task255.onnx,13998,ok,28931,323,29254.0,14.716228404552966,
task364,/Users/kaiikeda/Programming/Kaggle/Neuro Golf/solution/7157.62/task364.onnx,3370,ok,29500,85,29585.0,14.704977244889205,
task202,/Users/kaiikeda/Programming/Kaggle/Neuro Golf/solution/7157.62/task202.onnx,1791,ok,29706,19,29725.0,14.700256278441017,
task133,/Users/kaiikeda/Programming/Kaggle/Neuro Golf/solution/7157.62/task133.onnx,21857,ok_static,32294,1288,33582.0,14.578254511880585,"NotImplemented(""[ONNXRuntimeError] : 9 : NOT_IMPLEMENTED : Could not find an implementation for Min(13) node with name 'safe_name_58'"")"
task158,/Users/kaiikeda/Programming/Kaggle/Neuro Golf/solution/7157.62/task158.onnx,16181,ok_static,33053,2343,35396.0,14.525645901612759,"NotImplemented(""[ONNXRuntimeError] : 9 : NOT_IMPLEMENTED : Could not find an implementation for Max(12) node with name 'safe_name_140'"")"
task191,/Users/kaiikeda/Programming/Kaggle/Neuro Golf/solution/7157.62/task191.onnx,5124,ok,36948,112,37060.0,14.479706500160649,
task366,/Users/kaiikeda/Programming/Kaggle/Neuro Golf/solution/7157.62/task366.onnx,60275,ok,36955,492,37447.0,14.469318121072435,
task002,/Users/kaiikeda/Programming/Kaggle/Neuro Golf/solution/7157.62/task002.onnx,4264,ok_static,40884,32,40916.0,14.380723536423101,"Fail('[ONNXRuntimeError] : 1 : FAIL : /Users/runner/work/1/s/onnxruntime/core/graph/model.cc:182 onnxruntime::Model::Model(ModelProto &&, const PathString &, const IOnnxRuntimeOpSchemaRegistryList *, const logging::Logger &, const ModelOptions &) Unsupported model IR version: 13, max supported IR version: 11\n')"
task349,/Users/kaiikeda/Programming/Kaggle/Neuro Golf/solution/7157.62/task349.onnx,9394,ok,36900,4370,41270.0,14.372108877253373,
task205,/Users/kaiikeda/Programming/Kaggle/Neuro Golf/solution/7157.62/task205.onnx,7009,ok,40282,992,41274.0,14.372011959245931,
task118,/Users/kaiikeda/Programming/Kaggle/Neuro Golf/solution/7157.62/task118.onnx,40308,ok,37651,4769,42420.0,14.344624771881326,
task187,/Users/kaiikeda/Programming/Kaggle/Neuro Golf/solution/7157.62/task187.onnx,4966,ok_static,45900,909,46809.0,14.246169228890707,"NotImplemented(""[ONNXRuntimeError] : 9 : NOT_IMPLEMENTED : Could not find an implementation for Max(13) node with name 'safe_name_14'"")"
task219,/Users/kaiikeda/Programming/Kaggle/Neuro Golf/solution/7157.62/task219.onnx,16597,ok,48881,189,49070.0,14.198996870916051,
task286,/Users/kaiikeda/Programming/Kaggle/Neuro Golf/solution/7157.62/task286.onnx,146306,ok,51772,739,52511.0,14.13122204955781,
task209,/Users/kaiikeda/Programming/Kaggle/Neuro Golf/solution/7157.62/task209.onnx,12152,ok,52519,172,52691.0,14.127800058043382,
task018,/Users/kaiikeda/Programming/Kaggle/Neuro Golf/solution/7157.62/task018.onnx,40245,ok,64508,3038,67546.0,13.87943587376096,
task233,/Users/kaiikeda/Programming/Kaggle/Neuro Golf/solution/7157.62/task233.onnx,21261,ok,71600,668,72268.0,13.811863290106182,
